{"input":[[6.5,3,5.2,2],[6.2,3.4,5.4,2.3],[5.9,3,5.1,1.8]],"X":[[5.1,3.5,1.4,0.2],[4.9,3,1.4,0.2],[4.7,3.2,1.3,0.2],[4.6,3.1,1.5,0.2],[5,3.6,1.4,0.2],[5.4,3.9,1.7,0.4],[4.6,3.4,1.4,0.3],[4.3,3,1.1,0.1],[5.8,4,1.2,0.2],[5.7,4.4,1.5,0.4],[5.4,3.9,1.3,0.4],[5.1,3.5,1.4,0.3],[5.7,3.8,1.7,0.3],[5.1,3.8,1.5,0.3],[5.4,3.4,1.7,0.2],[5.1,3.7,1.5,0.4],[4.6,3.6,1,0.2],[5.1,3.3,1.7,0.5],[4.8,3.4,1.9,0.2],[5,3,1.6,0.2],[5,3.4,1.6,0.4],[5.2,3.5,1.5,0.2],[5.2,3.4,1.4,0.2],[4.7,3.2,1.6,0.2],[4.8,3.1,1.6,0.2],[5.4,3.4,1.5,0.4],[5.2,4.1,1.5,0.1],[5.5,4.2,1.4,0.2],[4.9,3.1,1.5,0.1],[5,3.2,1.2,0.2],[5.5,3.5,1.3,0.2],[4.9,3.1,1.5,0.1],[4.4,3,1.3,0.2],[5.1,3.4,1.5,0.2],[5,3.5,1.3,0.3],[4.5,2.3,1.3,0.3],[4.4,3.2,1.3,0.2],[5,3.5,1.6,0.6],[5.1,3.8,1.9,0.4],[4.8,3,1.4,0.3],[5.1,3.8,1.6,0.2],[4.6,3.2,1.4,0.2],[5.3,3.7,1.5,0.2],[5,3.3,1.4,0.2],[7,3.2,4.7,1.4],[6.4,3.2,4.5,1.5],[6.9,3.1,4.9,1.5],[5.2,2.7,3.9,1.4],[5,2,3.5,1],[5.9,3,4.2,1.5],[6,2.2,4,1],[6.1,2.9,4.7,1.4],[5.6,2.9,3.6,1.3],[6.7,3.1,4.4,1.4],[5.6,3,4.5,1.5],[5.8,2.7,4.1,1],[6.2,2.2,4.5,1.5],[5.6,2.5,3.9,1.1],[5.9,3.2,4.8,1.8],[6.1,2.8,4,1.3],[6.3,2.5,4.9,1.5],[6.1,2.8,4.7,1.2],[6.4,2.9,4.3,1.3],[6.6,3,4.4,1.4],[6.8,2.8,4.8,1.4],[6.7,3,5,1.7],[6,2.9,4.5,1.5],[5.7,2.6,3.5,1],[5.5,2.4,3.8,1.1],[5.5,2.4,3.7,1],[5.8,2.7,3.9,1.2],[6,2.7,5.1,1.6],[5.4,3,4.5,1.5],[6,3.4,4.5,1.6],[6.7,3.1,4.7,1.5],[6.3,2.3,4.4,1.3],[5.6,3,4.1,1.3],[5.5,2.5,4,1.3],[5.5,2.6,4.4,1.2],[6.1,3,4.6,1.4],[5.8,2.6,4,1.2],[5,2.3,3.3,1],[5.6,2.7,4.2,1.3],[5.7,3,4.2,1.2],[5.7,2.9,4.2,1.3],[6.2,2.9,4.3,1.3],[5.1,2.5,3,1.1],[5.7,2.8,4.1,1.3],[6.3,3.3,6,2.5],[5.8,2.7,5.1,1.9],[7.1,3,5.9,2.1],[6.3,2.9,5.6,1.8],[6.5,3,5.8,2.2],[7.6,3,6.6,2.1],[4.9,2.5,4.5,1.7],[7.3,2.9,6.3,1.8],[6.7,2.5,5.8,1.8],[7.2,3.6,6.1,2.5],[6.5,3.2,5.1,2],[6.4,2.7,5.3,1.9],[6.8,3,5.5,2.1],[5.7,2.5,5,2],[5.8,2.8,5.1,2.4],[6.4,3.2,5.3,2.3],[6.5,3,5.5,1.8],[7.7,3.8,6.7,2.2],[7.7,2.6,6.9,2.3],[6,2.2,5,1.5],[6.9,3.2,5.7,2.3],[5.6,2.8,4.9,2],[7.7,2.8,6.7,2],[6.3,2.7,4.9,1.8],[6.7,3.3,5.7,2.1],[7.2,3.2,6,1.8],[6.2,2.8,4.8,1.8],[6.1,3,4.9,1.8],[6.4,2.8,5.6,2.1],[7.2,3,5.8,1.6],[7.4,2.8,6.1,1.9],[7.9,3.8,6.4,2],[6.4,2.8,5.6,2.2],[6.3,2.8,5.1,1.5],[6.1,2.6,5.6,1.4],[7.7,3,6.1,2.3],[6.3,3.4,5.6,2.4],[6.4,3.1,5.5,1.8],[6,3,4.8,1.8],[6.9,3.1,5.4,2.1],[6.3,2.5,5,1.9],[6.5,3,5.2,2],[6.2,3.4,5.4,2.3],[5.9,3,5.1,1.8]],"Y":[[1,0,0],[1,0,0],[1,0,0]],"output":[[0.9964873588257794,0.004579232104917497,0.0003157164941301366],[0.9999503244371198,0.00006308011457141002,0.00008347398139089393],[0.9990026307300296,0.001280671434597992,0.00033966793808574085]],"layers":[{"weights":[[1.1103332961912868,0.06912826258780158,-2.0607320210970284,-0.7942665444629886,0.44011609431215115],[1.1753454293224586,-0.41253713141326437,-2.0122330004784126,-0.14567306840998567,1.6920781226143695],[-0.8728359939928857,0.4438432632630379,3.2260937403952807,0.6702002683084765,-1.892595016285377],[-0.17778636293362718,0.7239844711636234,2.9143725810712113,1.7703342967788906,0.04021584198629897]],"layer":[[5.848903807437865,2.9676698808177226,3.172900786827742,1.4259334063670868,0],[5.758039112512044,3.087880473837529,4.5057568976262425,2.2710842129456794,0],[5.305543474735508,2.7370120733768717,3.5038604755559684,1.4814078988179067,0]],"weights_copy":[],"layer_copy":[],"dropped_out_i":[],"error":[[-0.00002605932796084336,0.0000075710088349648735,0.00008479323128478435,0.000030497836654883147,0.00004496892613559594],[-1.1801329644932795e-9,5.1297665280942485e-9,2.4053865779468955e-8,4.815526990130363e-9,-4.305908280162887e-9],[-0.0000020144247776728823,6.738919454090802e-7,0.000006845305784406174,0.000002398610970797107,0.0000033389719082649056]],"delta":[[-0.000023726228192480895,0.000007072188167541936,0.00008461968460930066,0.000028050271673734396,0.00000145723185158637],[-1.0629581541422372e-9,4.707208302758997e-9,2.322441623467414e-8,4.52271047372112e-9,-3.3772606756369336e-10],[-0.0000018893249473030254,6.705036010879301e-7,0.000006497931691866674,0.000002261294486203467,1.9058368272342e-7]]},{"weights":[[-1.0396466714531152,0.6387417352680792,-0.5635880290089771],[0.8422630345375133,0.1358780104248066,-0.5155625839297396],[2.5628496119687965,-2.5474415082019934,-1.0899523652680256],[0.7696311115166846,-1.0084955217174112,0.15733705817625904],[0.3461809772391867,-1.9593324981865992,1.8595393698698095]],"weights_copy":[],"error":[[0.0035126411742205654,-0.004579232104917497,-0.0003157164941301366],[0.000049675562880158175,-0.00006308011457141002,-0.00008347398139089393],[0.000997369269970405,-0.001280671434597992,-0.00033966793808574085]],"delta":[[0.000012295306775764476,-0.000020873343073628847,-9.964543502293775e-8],[2.467538964984181e-9,-3.978849852204431e-9,-6.967323930427485e-9],[9.937533321273728e-7,-0.0000016380188694284746,-1.1533511921005675e-7]]}],"formation":[{"neurons":5,"dropout":0}],"formationReversed":[{"neurons":5,"dropout":0}],"learning_rate":0.01,"activationName":"relu","initialized":true}